stem,width,height,aspect,megapixels,brightness,contrast,flag_dark,flag_low_cont,flag_tiny,any_flag
X00016469612,463,1013,2.19,0.469,244.8,35.6,False,True,False,True
X00016469619,439,1004,2.29,0.441,248.2,24.1,False,True,False,True
X00016469620,459,949,2.07,0.436,241.2,41.3,False,False,False,False
X00016469622,461,933,2.02,0.43,245.9,33.5,False,True,False,True
X00016469623,463,1026,2.22,0.475,246.0,24.8,False,True,False,True
X00016469669,463,605,1.31,0.28,240.6,41.5,False,False,False,False
X00016469672,457,1170,2.56,0.535,240.1,44.4,False,False,False,False
X00016469676,463,797,1.72,0.369,243.8,37.3,False,True,False,True
X51005200938,992,1403,1.41,1.392,250.5,33.6,False,True,False,True
X51005230617,604,1716,2.84,1.036,239.6,44.0,False,False,False,False
X51005255805,873,1656,1.9,1.446,180.8,48.1,False,False,False,False
X51005268200,752,2214,2.94,1.665,190.8,47.3,False,False,False,False
X51005268262,747,1412,1.89,1.055,197.2,45.2,False,False,False,False
X51005268400,807,1390,1.72,1.122,180.3,48.3,False,False,False,False
X51005268472,780,2044,2.62,1.594,183.0,45.0,False,False,False,False
X51005301659,747,1412,1.89,1.055,197.2,45.2,False,False,False,False
X51005301661,818,1924,2.35,1.574,191.9,43.7,False,False,False,False
X51005301667,835,2333,2.79,1.948,186.2,42.1,False,False,False,False
X51005303661,818,1924,2.35,1.574,191.9,43.7,False,False,False,False
X51005306399,447,915,2.05,0.409,246.3,28.4,False,True,False,True
X51005337872,623,1255,2.01,0.782,246.8,29.9,False,True,False,True
X51005361883,993,2481,2.5,2.464,236.5,50.4,False,False,False,False
X51005361895,953,1629,1.71,1.552,238.6,49.5,False,False,False,False
X51005361897,2481,3508,1.41,8.703,249.7,28.2,False,True,False,True
X51005361898,2481,3508,1.41,8.703,248.9,29.9,False,True,False,True
X51005361900,2481,3508,1.41,8.703,249.8,28.5,False,True,False,True
X51005361907,1654,2339,1.41,3.869,247.8,39.3,False,True,False,True
X51005361946,1654,2339,1.41,3.869,246.2,41.0,False,False,False,False
X51005361950,949,1349,1.42,1.28,238.8,33.6,False,True,False,True
X51005365179,748,1338,1.79,1.001,241.9,51.5,False,False,False,False
X51005433492,1080,1527,1.41,1.649,252.9,20.7,False,True,False,True
X51005433494,1080,1527,1.41,1.649,251.7,25.6,False,True,False,True
X51005433514,1080,1527,1.41,1.649,252.9,20.7,False,True,False,True
X51005433522,1080,1527,1.41,1.649,252.8,21.3,False,True,False,True
X51005433533,1080,1527,1.41,1.649,249.1,34.8,False,True,False,True
X51005433538,1080,1519,1.41,1.641,252.8,20.9,False,True,False,True
X51005433541,1080,1527,1.41,1.649,253.0,20.5,False,True,False,True
X51005433552,1080,1527,1.41,1.649,252.7,21.5,False,True,False,True
X51005433553,1080,1527,1.41,1.649,252.3,23.4,False,True,False,True
X51005441398,591,1711,2.9,1.011,251.0,15.1,False,True,False,True
X51005441401,619,1131,1.83,0.7,248.7,24.8,False,True,False,True
X51005441402,619,1203,1.94,0.745,247.5,28.8,False,True,False,True
X51005441407,627,1235,1.97,0.774,247.3,28.0,False,True,False,True
X51005441408,627,1535,2.45,0.962,249.1,24.2,False,True,False,True
X51005442327,1080,1527,1.41,1.649,252.8,21.5,False,True,False,True
X51005442333,1080,1528,1.41,1.65,252.6,22.0,False,True,False,True
X51005442338,1080,1527,1.41,1.649,252.3,23.0,False,True,False,True
X51005442341,1080,1527,1.41,1.649,253.8,15.7,False,True,False,True
X51005442344,1080,1527,1.41,1.649,251.8,25.5,False,True,False,True
X51005442346,1080,1527,1.41,1.649,251.2,27.9,False,True,False,True
X51005442361,1080,1528,1.41,1.65,251.2,26.7,False,True,False,True
X51005442376,1080,1528,1.41,1.65,252.8,20.9,False,True,False,True
X51005442378,1080,1528,1.41,1.65,244.9,38.6,False,True,False,True
X51005442379,1080,1528,1.41,1.65,252.7,21.2,False,True,False,True
X51005442383,1080,1528,1.41,1.65,250.1,31.8,False,True,False,True
X51005442384,1080,1528,1.41,1.65,252.8,20.5,False,True,False,True
X51005442386,1080,1528,1.41,1.65,252.8,20.8,False,True,False,True
X51005442392,1080,1527,1.41,1.649,253.1,19.7,False,True,False,True
X51005442394,1080,1527,1.41,1.649,253.0,20.6,False,True,False,True
X51005442397,1080,1527,1.41,1.649,253.5,17.3,False,True,False,True
X51005444033,789,1772,2.25,1.398,236.0,48.6,False,False,False,False
X51005444037,792,2748,3.47,2.176,244.2,35.5,False,True,False,True
X51005444045,753,1305,1.73,0.983,243.7,28.1,False,True,False,True
X51005447832,664,1664,2.51,1.105,242.7,35.1,False,True,False,True
X51005447833,668,1598,2.39,1.067,240.8,38.1,False,True,False,True
X51005447839,936,1766,1.89,1.653,241.4,39.3,False,True,False,True
X51005447840,932,2160,2.32,2.013,237.5,43.8,False,False,False,False
X51005447848,932,1987,2.13,1.852,245.6,31.0,False,True,False,True
X51005447850,932,1771,1.9,1.651,238.1,43.1,False,False,False,False
X51005447852,888,1571,1.77,1.395,227.9,40.7,False,False,False,False
X51005447853,888,1718,1.93,1.526,228.6,42.7,False,False,False,False
X51005447860,928,2130,2.3,1.977,238.6,42.9,False,False,False,False
X51005447861,932,2683,2.88,2.501,233.3,46.1,False,False,False,False
X51005453729,615,931,1.51,0.573,246.8,29.2,False,True,False,True
X51005453801,583,1303,2.23,0.76,251.4,14.5,False,True,False,True
X51005453802,615,931,1.51,0.573,244.5,33.6,False,True,False,True
X51005453804,619,875,1.41,0.542,246.4,30.5,False,True,False,True
X51005568827,944,2439,2.58,2.302,235.8,46.4,False,False,False,False
X51005568829,936,1841,1.97,1.723,228.0,44.5,False,False,False,False
X51005568880,932,2220,2.38,2.069,237.2,34.4,False,True,False,True
X51005568881,884,1678,1.9,1.483,222.6,34.6,False,True,False,True
X51005568884,936,1676,1.79,1.569,238.4,40.9,False,False,False,False
X51005568891,884,2249,2.54,1.988,231.8,50.1,False,False,False,False
X51005568898,936,2785,2.98,2.607,224.8,35.0,False,True,False,True
X51005568899,932,1644,1.76,1.532,241.7,34.0,False,True,False,True
X51005568900,936,1681,1.8,1.573,233.3,32.6,False,True,False,True
X51005568911,932,2067,2.22,1.926,237.8,33.2,False,True,False,True
X51005568913,932,2168,2.33,2.021,232.1,37.3,False,True,False,True
X51005568914,932,2246,2.41,2.093,234.6,36.2,False,True,False,True
X51005577192,710,2020,2.85,1.434,241.6,42.0,False,False,False,False
X51005587254,963,2260,2.35,2.176,190.8,45.6,False,False,False,False
X51005587267,853,2537,2.97,2.164,188.4,47.4,False,False,False,False
X51005605284,793,1373,1.73,1.089,240.0,53.9,False,False,False,False
X51005605285,697,1481,2.12,1.032,235.8,59.5,False,False,False,False
X51005605286,741,1509,2.04,1.118,234.6,62.0,False,False,False,False
X51005605333,681,1737,2.55,1.183,234.8,51.7,False,False,False,False
X51005605334,761,1713,2.25,1.304,239.7,52.0,False,False,False,False
X51005605335,741,1733,2.34,1.284,243.0,47.5,False,False,False,False
X51005663272,704,1883,2.67,1.326,193.8,46.9,False,False,False,False
X51005663273,814,1477,1.81,1.202,191.2,45.9,False,False,False,False
X51005663276,937,1449,1.55,1.358,171.7,72.1,False,False,False,False
X51005663277,937,1450,1.55,1.359,169.7,74.0,False,False,False,False
X51005663278,804,2157,2.68,1.734,193.5,39.6,False,True,False,True
X51005663279,943,1871,1.98,1.764,241.1,44.0,False,False,False,False
X51005663280,782,2213,2.83,1.731,195.1,39.8,False,True,False,True
X51005663293,713,2066,2.9,1.473,194.6,40.6,False,False,False,False
X51005663297,937,3556,3.8,3.332,237.3,51.4,False,False,False,False
X51005663298,934,2732,2.93,2.552,246.2,31.7,False,True,False,True
X51005663301,933,1697,1.82,1.583,238.2,54.8,False,False,False,False
X51005663311,936,1698,1.81,1.589,247.7,27.8,False,True,False,True
X51005663317,935,1695,1.81,1.585,248.9,25.5,False,True,False,True
X51005663324,934,2789,2.99,2.605,243.1,38.2,False,True,False,True
X51005675095,741,1220,1.65,0.904,181.9,54.3,False,False,False,False
X51005676536,933,2079,2.23,1.94,243.0,39.0,False,True,False,True
X51005676538,932,2172,2.33,2.024,243.0,41.1,False,False,False,False
X51005676539,933,1861,1.99,1.736,243.1,36.0,False,True,False,True
X51005676540,940,2077,2.21,1.952,241.3,43.4,False,False,False,False
X51005676541,932,2169,2.33,2.022,243.6,37.6,False,True,False,True
X51005676543,935,1970,2.11,1.842,240.3,44.1,False,False,False,False
X51005676544,935,1861,1.99,1.74,240.9,43.1,False,False,False,False
X51005676545,934,1860,1.99,1.737,241.5,40.6,False,False,False,False
X51005676546,935,1864,1.99,1.743,241.9,40.9,False,False,False,False
X51005676547,932,1864,2.0,1.737,241.8,42.9,False,False,False,False
X51005676549,932,1973,2.12,1.839,243.5,37.2,False,True,False,True
X51005677328,935,1865,1.99,1.744,243.4,38.0,False,True,False,True
X51005677329,938,1864,1.99,1.748,242.1,41.1,False,False,False,False
X51005677331,934,2081,2.23,1.944,242.9,39.5,False,True,False,True
X51005677332,935,1859,1.99,1.738,243.5,38.8,False,True,False,True
X51005677334,932,1975,2.12,1.841,242.1,41.2,False,False,False,False
X51005677335,938,1972,2.1,1.85,241.3,43.6,False,False,False,False
X51005677339,934,1927,2.06,1.8,245.6,33.5,False,True,False,True
X51005685355,615,1403,2.28,0.863,245.2,31.4,False,True,False,True
X51005685357,623,1535,2.46,0.956,245.5,30.4,False,True,False,True
X51005705722,958,1816,1.9,1.74,180.8,64.6,False,False,False,False
X51005705760,892,2897,3.25,2.584,184.4,49.7,False,False,False,False
X51005705804,1263,2143,1.7,2.707,194.1,37.9,False,True,False,True
X51005711401,932,1907,2.05,1.777,242.8,36.2,False,True,False,True
X51005711403,932,1865,2.0,1.738,243.3,35.8,False,True,False,True
X51005711404,932,1780,1.91,1.659,238.6,45.3,False,False,False,False
X51005711441,932,1784,1.91,1.663,240.9,41.7,False,False,False,False
X51005711442,932,1869,2.01,1.742,243.9,34.9,False,True,False,True
X51005711445,932,1783,1.91,1.662,242.8,36.2,False,True,False,True
X51005711447,932,1692,1.82,1.577,241.9,37.9,False,True,False,True
X51005711451,932,1695,1.82,1.58,240.7,31.1,False,True,False,True
X51005711452,920,1929,2.1,1.775,242.2,36.4,False,True,False,True
X51005711453,920,1757,1.91,1.616,238.3,35.1,False,True,False,True
X51005711454,936,2283,2.44,2.137,237.2,36.8,False,True,False,True
X51005711456,936,2779,2.97,2.601,242.1,39.2,False,True,False,True
X51005712017,608,1214,2.0,0.738,240.1,43.8,False,False,False,False
X51005712021,584,1072,1.84,0.626,229.9,51.2,False,False,False,False
X51005712038,616,1192,1.94,0.734,229.7,56.3,False,False,False,False
X51005712039,616,1182,1.92,0.728,232.4,46.4,False,False,False,False
X51005715010,615,1727,2.81,1.062,234.1,68.7,False,False,False,False
X51005715451,615,1491,2.42,0.917,240.8,56.8,False,False,False,False
X51005715456,607,1295,2.13,0.786,234.9,67.3,False,False,False,False
X51005717526,600,1312,2.19,0.787,239.0,36.4,False,True,False,True
X51005719814,936,1617,1.73,1.514,236.0,47.4,False,False,False,False
X51005719856,932,2222,2.38,2.071,240.2,37.8,False,True,False,True
X51005719862,884,1424,1.61,1.259,191.8,47.7,False,False,False,False
X51005719864,884,1741,1.97,1.539,235.2,29.2,False,True,False,True
X51005719873,932,2852,3.06,2.658,233.3,56.4,False,False,False,False
X51005719874,932,1368,1.47,1.275,241.9,35.0,False,True,False,True
X51005719882,884,1610,1.82,1.423,225.2,38.5,False,True,False,True
X51005719883,884,1597,1.81,1.412,226.4,38.4,False,True,False,True
X51005719886,932,1708,1.83,1.592,238.6,42.3,False,False,False,False
X51005719893,936,2017,2.15,1.888,242.7,35.3,False,True,False,True
X51005719896,812,2864,3.53,2.326,129.3,20.5,False,True,False,True
X51005719899,932,1617,1.73,1.507,242.8,34.4,False,True,False,True
X51005719902,884,1963,2.22,1.735,242.7,29.0,False,True,False,True
X51005719904,932,1920,2.06,1.789,246.1,29.3,False,True,False,True
X51005719906,932,2253,2.42,2.1,241.5,39.9,False,True,False,True
X51005719912,816,2229,2.73,1.819,233.0,29.6,False,True,False,True
X51005719914,940,2594,2.76,2.438,231.8,28.2,False,True,False,True
X51005719917,932,2679,2.87,2.497,242.0,35.7,False,True,False,True
X51005722668,936,1858,1.99,1.739,241.6,41.2,False,False,False,False
X51005722699,936,2132,2.28,1.996,236.0,50.8,False,False,False,False
X51005724554,932,2132,2.29,1.987,236.4,45.9,False,False,False,False
X51005724621,932,2107,2.26,1.964,240.0,40.6,False,False,False,False
X51005724627,944,2105,2.23,1.987,235.1,50.4,False,False,False,False
X51005724629,928,2115,2.28,1.963,239.6,41.0,False,False,False,False
X51005741944,735,1889,2.57,1.388,239.4,56.2,False,False,False,False
X51005742068,831,1331,1.6,1.106,240.9,47.9,False,False,False,False
X51005745183,740,1173,1.59,0.868,233.5,67.0,False,False,False,False
X51005745187,744,1335,1.79,0.993,240.3,54.8,False,False,False,False
X51005745188,706,1659,2.35,1.171,235.5,63.6,False,False,False,False
X51005745190,744,1970,2.65,1.466,238.7,57.2,False,False,False,False
X51005745214,702,1466,2.09,1.029,232.3,68.9,False,False,False,False
X51005745249,740,1863,2.52,1.379,238.0,59.4,False,False,False,False
X51005745296,786,2184,2.78,1.717,246.4,30.3,False,True,False,True
X51005746140,744,1244,1.67,0.926,236.9,61.8,False,False,False,False
X51005749895,934,2132,2.28,1.991,242.9,32.6,False,True,False,True
X51005749905,942,2020,2.14,1.903,240.4,46.1,False,False,False,False
X51005749912,932,1838,1.97,1.713,239.7,38.8,False,True,False,True
X51005757199,711,1662,2.34,1.182,202.3,38.8,False,True,False,True
X51005757201,704,2587,3.67,1.821,191.2,48.8,False,False,False,False
X51005757235,706,1640,2.32,1.158,195.9,48.4,False,False,False,False
X51005757243,708,1652,2.33,1.17,199.8,40.0,False,False,False,False
X51005757248,705,1844,2.62,1.3,196.7,44.8,False,False,False,False
X51005757273,711,1313,1.85,0.934,198.1,47.2,False,False,False,False
X51005757286,710,1208,1.7,0.858,200.0,41.3,False,False,False,False
X51005757290,714,1463,2.05,1.045,191.6,52.2,False,False,False,False
X51005757294,710,1227,1.73,0.871,197.6,46.2,False,False,False,False
X51005757304,703,1784,2.54,1.254,196.2,40.6,False,False,False,False
X51005757323,710,1451,2.04,1.03,194.6,48.0,False,False,False,False
X51005757324,708,1330,1.88,0.942,196.2,47.6,False,False,False,False
X51005757346,708,1302,1.84,0.922,195.2,48.1,False,False,False,False
X51005757349,703,1373,1.95,0.965,206.9,43.9,False,False,False,False
X51005757351,703,1328,1.89,0.934,196.3,48.6,False,False,False,False
X51005757353,698,1448,2.07,1.011,195.8,49.3,False,False,False,False
X51005763940,740,1946,2.63,1.44,236.1,63.4,False,False,False,False
X51005806678,986,2559,2.6,2.523,206.3,41.2,False,False,False,False
X51005806679,986,2559,2.6,2.523,203.9,43.9,False,False,False,False
X51005806685,747,1180,1.58,0.881,212.2,50.4,False,False,False,False
X51005806698,687,1246,1.81,0.856,201.7,59.0,False,False,False,False
X51005806702,841,1424,1.69,1.198,209.3,49.1,False,False,False,False
X51005806703,864,1617,1.87,1.397,203.2,49.0,False,False,False,False
X51005806716,770,1290,1.68,0.993,212.2,48.1,False,False,False,False
X51005889296,619,1331,2.15,0.824,244.3,34.3,False,True,False,True
X51006008057,724,2007,2.77,1.453,184.7,56.1,False,False,False,False
X51006008073,813,1337,1.64,1.087,191.5,50.7,False,False,False,False
X51006008074,748,1457,1.95,1.09,205.2,36.9,False,True,False,True
X51006008086,754,1863,2.47,1.405,192.9,42.3,False,False,False,False
X51006008089,744,2177,2.93,1.62,190.7,41.9,False,False,False,False
X51006008091,746,1824,2.45,1.361,192.9,42.0,False,False,False,False
X51006008095,744,1286,1.73,0.957,189.5,47.6,False,False,False,False
X51006008197,746,768,1.03,0.573,196.9,55.2,False,False,False,False
X51006311758,949,2153,2.27,2.043,142.7,92.3,False,False,False,False
X51006311764,873,1733,1.99,1.513,158.8,84.4,False,False,False,False
X51006311767,932,2050,2.2,1.911,144.5,91.2,False,False,False,False
X51006311778,828,2022,2.44,1.674,144.3,81.8,False,False,False,False
X51006311779,807,2033,2.52,1.641,166.0,75.3,False,False,False,False
X51006311780,850,2023,2.38,1.72,158.5,79.5,False,False,False,False
X51006327976,741,1892,2.55,1.402,235.6,63.1,False,False,False,False
X51006327978,702,2053,2.92,1.441,238.2,59.0,False,False,False,False
X51006328913,725,1388,1.91,1.006,234.2,65.4,False,False,False,False
X51006328919,744,1458,1.96,1.085,240.5,55.8,False,False,False,False
X51006328920,742,1449,1.95,1.075,240.0,56.6,False,False,False,False
X51006329395,744,1458,1.96,1.085,240.4,55.9,False,False,False,False
X51006329399,703,1819,2.59,1.279,240.6,55.4,False,False,False,False
X51006329402,702,1433,2.04,1.006,237.7,57.2,False,False,False,False
X51006332575,703,1779,2.53,1.251,237.3,61.6,False,False,False,False
X51006332649,707,1722,2.44,1.217,241.2,50.1,False,False,False,False
X51006334699,696,2213,3.18,1.54,239.3,56.5,False,False,False,False
X51006334741,684,1674,2.45,1.145,236.4,60.5,False,False,False,False
X51006334926,729,1936,2.66,1.411,238.8,58.6,False,False,False,False
X51006335314,748,1574,2.1,1.177,241.1,53.3,False,False,False,False
X51006335547,705,1394,1.98,0.983,237.8,59.5,False,False,False,False
X51006335552,704,2452,3.48,1.726,240.4,52.2,False,False,False,False
X51006349086,522,954,1.83,0.498,232.3,67.2,False,False,False,False
X51006350750,700,1574,2.25,1.102,246.4,31.2,False,True,False,True
X51006350763,705,1564,2.22,1.103,243.1,42.8,False,False,False,False
X51006387740,740,1483,2.0,1.097,240.1,54.7,False,False,False,False
X51006387812,705,1877,2.66,1.323,242.8,48.2,False,False,False,False
X51006387813,740,2465,3.33,1.824,239.8,54.9,False,False,False,False
X51006387847,707,1688,2.39,1.193,229.4,72.7,False,False,False,False
X51006387850,709,1283,1.81,0.91,234.8,63.8,False,False,False,False
X51006387932,742,1196,1.61,0.887,236.5,46.7,False,False,False,False
X51006387951,523,1087,2.08,0.569,229.3,61.6,False,False,False,False
X51006387953,524,1078,2.06,0.565,230.1,58.6,False,False,False,False
X51006387971,704,1513,2.15,1.065,224.9,63.5,False,False,False,False
X51006388044,705,1474,2.09,1.039,239.0,43.8,False,False,False,False
X51006388064,708,1699,2.4,1.203,225.7,65.8,False,False,False,False
X51006388065,705,1276,1.81,0.9,235.2,44.0,False,False,False,False
X51006388066,738,1238,1.68,0.914,234.1,48.3,False,False,False,False
X51006388069,712,1957,2.75,1.393,235.0,45.2,False,False,False,False
X51006388082,701,1399,2.0,0.981,235.4,47.5,False,False,False,False
X51006389865,938,1961,2.09,1.839,246.3,30.9,False,True,False,True
X51006389884,888,2269,2.56,2.015,230.6,49.3,False,False,False,False
X51006389888,888,2276,2.56,2.021,224.8,52.4,False,False,False,False
X51006389893,890,2264,2.54,2.015,234.6,19.6,False,True,False,True
X51006389963,935,3296,3.53,3.082,243.3,41.6,False,False,False,False
X51006392122,708,1463,2.07,1.036,238.4,38.6,False,True,False,True
X51006392273,698,1372,1.97,0.958,241.1,24.1,False,True,False,True
X51006392299,751,1370,1.82,1.029,232.0,57.0,False,False,False,False
X51006392313,744,1787,2.4,1.33,238.5,39.3,False,True,False,True
X51006393376,594,1105,1.86,0.656,242.2,30.8,False,True,False,True
X51006393377,592,1563,2.64,0.925,241.4,29.8,False,True,False,True
X51006401723,735,1689,2.3,1.241,237.9,43.9,False,False,False,False
X51006401836,707,1230,1.74,0.87,237.5,39.0,False,True,False,True
X51006401869,708,1394,1.97,0.987,239.2,34.4,False,True,False,True
X51006401978,743,1454,1.96,1.08,234.5,52.2,False,False,False,False
X51006414392,4945,6981,1.41,34.521,252.7,22.2,False,True,False,True
X51006414394,4961,7016,1.41,34.806,252.0,26.8,False,True,False,True
X51006414429,4961,7016,1.41,34.806,253.0,22.2,False,True,False,True
X51006414431,4961,7016,1.41,34.806,253.1,21.1,False,True,False,True
X51006414470,4961,7016,1.41,34.806,252.8,22.6,False,True,False,True
X51006414483,4961,7016,1.41,34.806,252.8,22.8,False,True,False,True
X51006414485,4961,7016,1.41,34.806,252.7,23.3,False,True,False,True
X51006414519,4961,7016,1.41,34.806,253.3,20.4,False,True,False,True
X51006414533,4961,7016,1.41,34.806,253.2,20.5,False,True,False,True
X51006414599,4961,7016,1.41,34.806,250.2,33.9,False,True,False,True
X51006414631,4912,6888,1.4,33.834,252.6,23.1,False,True,False,True
X51006414633,4961,7016,1.41,34.806,253.0,22.1,False,True,False,True
X51006414636,4961,7016,1.41,34.806,253.7,17.2,False,True,False,True
X51006414638,4961,7016,1.41,34.806,252.1,26.2,False,True,False,True
X51006414671,4961,7016,1.41,34.806,252.9,22.5,False,True,False,True
X51006414674,4961,7016,1.41,34.806,251.7,28.3,False,True,False,True
X51006414675,4961,7016,1.41,34.806,251.8,27.8,False,True,False,True
X51006414677,4961,7016,1.41,34.806,251.4,29.3,False,True,False,True
X51006414679,4961,7016,1.41,34.806,252.7,23.5,False,True,False,True
X51006414680,4961,7016,1.41,34.806,251.8,27.5,False,True,False,True
X51006414700,4961,7016,1.41,34.806,250.7,31.7,False,True,False,True
X51006414703,4953,6993,1.41,34.636,249.9,33.6,False,True,False,True
X51006414711,4961,7016,1.41,34.806,251.6,28.2,False,True,False,True
X51006414712,4961,7016,1.41,34.806,251.6,28.5,False,True,False,True
X51006414713,4961,7016,1.41,34.806,251.1,30.5,False,True,False,True
X51006414714,4961,7016,1.41,34.806,252.6,23.9,False,True,False,True
X51006414718,4961,7016,1.41,34.806,251.4,29.5,False,True,False,True
X51006414719,4961,7016,1.41,34.806,251.5,29.0,False,True,False,True
X51006414720,4854,6724,1.39,32.638,252.8,21.4,False,True,False,True
X51006414721,4961,7016,1.41,34.806,251.6,28.6,False,True,False,True
X51006414733,4945,6981,1.41,34.521,249.5,34.3,False,True,False,True
X51006441473,544,1646,3.03,0.895,242.8,34.2,False,True,False,True
X51006441474,621,975,1.57,0.605,240.0,42.7,False,False,False,False
X51006466055,575,1975,3.43,1.136,249.4,19.9,False,True,False,True
X51006466056,587,1471,2.51,0.863,247.9,23.1,False,True,False,True
X51006466060,443,911,2.06,0.404,244.4,35.0,False,True,False,True
X51006466062,443,875,1.98,0.388,247.3,28.1,False,True,False,True
X51006466065,623,1207,1.94,0.752,247.7,28.4,False,True,False,True
X51006466066,619,1803,2.91,1.116,248.4,26.0,False,True,False,True
X51006466778,615,935,1.52,0.575,246.5,32.1,False,True,False,True
X51006502529,439,851,1.94,0.374,230.7,67.3,False,False,False,False
X51006502531,443,1319,2.98,0.584,239.0,52.4,False,False,False,False
X51006502533,623,1371,2.2,0.854,242.7,46.1,False,False,False,False
X51006554833,588,1464,2.49,0.861,248.4,22.3,False,True,False,True
X51006555072,592,982,1.66,0.581,246.2,19.2,False,True,False,True
X51006555125,588,1248,2.12,0.734,241.0,35.8,False,True,False,True
X51006555570,588,1728,2.94,1.016,244.2,23.8,False,True,False,True
X51006555780,616,1192,1.94,0.734,243.1,31.4,False,True,False,True
X51006555784,616,1166,1.89,0.718,230.9,45.2,False,False,False,False
X51006555806,620,1204,1.94,0.746,235.4,45.4,False,False,False,False
X51006555814,616,1240,2.01,0.764,236.6,35.5,False,True,False,True
X51006555817,620,1200,1.94,0.744,239.8,38.1,False,True,False,True
X51006555818,620,1298,2.09,0.805,238.1,42.7,False,False,False,False
X51006556591,622,1245,2.0,0.774,226.0,58.8,False,False,False,False
X51006556596,621,1264,2.04,0.785,230.4,59.7,False,False,False,False
X51006556604,616,1196,1.94,0.737,231.8,45.5,False,False,False,False
X51006556646,616,1312,2.13,0.808,235.6,44.5,False,False,False,False
X51006556650,620,1200,1.94,0.744,232.6,48.2,False,False,False,False
X51006556656,620,1224,1.97,0.759,238.2,41.4,False,False,False,False
X51006556726,620,1172,1.89,0.727,231.3,47.5,False,False,False,False
X51006556730,608,918,1.51,0.558,237.2,38.7,False,True,False,True
X51006556732,616,1182,1.92,0.728,235.9,43.3,False,False,False,False
X51006556738,612,1254,2.05,0.767,228.2,50.7,False,False,False,False
X51006556815,622,1268,2.04,0.789,222.9,62.6,False,False,False,False
X51006556818,616,1200,1.95,0.739,241.6,38.4,False,True,False,True
X51006556823,616,1176,1.91,0.724,235.7,43.1,False,False,False,False
X51006556824,616,1248,2.03,0.769,231.6,48.5,False,False,False,False
X51006556825,616,1184,1.92,0.729,232.6,49.0,False,False,False,False
X51006556828,620,1282,2.07,0.795,222.6,55.7,False,False,False,False
X51006556830,612,1256,2.05,0.769,237.9,45.7,False,False,False,False
X51006556831,620,1256,2.03,0.779,239.4,42.1,False,False,False,False
X51006556838,588,1216,2.07,0.715,237.5,43.3,False,False,False,False
X51006556839,616,1200,1.95,0.739,239.4,38.3,False,True,False,True
X51006556840,621,1296,2.09,0.805,225.5,68.3,False,False,False,False
X51006556841,616,1190,1.93,0.733,238.5,41.9,False,False,False,False
X51006556852,616,1358,2.2,0.837,219.5,51.7,False,False,False,False
X51006556861,616,1216,1.97,0.749,237.8,40.6,False,False,False,False
X51006557117,620,1245,2.01,0.772,230.2,60.1,False,False,False,False
X51006557119,616,1150,1.87,0.708,233.3,45.5,False,False,False,False
X51006557161,616,1182,1.92,0.728,235.4,47.2,False,False,False,False
X51006557164,612,1208,1.97,0.739,232.9,44.5,False,False,False,False
X51006557168,620,1208,1.95,0.749,236.5,43.2,False,False,False,False
X51006557170,612,1160,1.9,0.71,235.8,48.6,False,False,False,False
X51006557178,620,1176,1.9,0.729,242.2,35.3,False,True,False,True
X51006557179,620,1176,1.9,0.729,236.9,45.7,False,False,False,False
X51006557184,619,1220,1.97,0.755,227.7,56.9,False,False,False,False
X51006557185,616,1224,1.99,0.754,235.9,40.2,False,False,False,False
X51006557188,616,1200,1.95,0.739,236.2,41.7,False,False,False,False
X51006557193,618,1234,2.0,0.763,227.9,55.0,False,False,False,False
X51006557195,620,1276,2.06,0.791,229.8,48.3,False,False,False,False
X51006557198,620,1264,2.04,0.784,230.6,47.8,False,False,False,False
X51006557199,616,1238,2.01,0.763,232.3,48.9,False,False,False,False
X51006557202,604,1172,1.94,0.708,231.0,56.0,False,False,False,False
X51006557210,616,1208,1.96,0.744,235.6,43.6,False,False,False,False
X51006557213,620,1184,1.91,0.734,232.3,43.7,False,False,False,False
X51006557508,616,1224,1.99,0.754,230.5,45.1,False,False,False,False
X51006619341,888,1978,2.23,1.756,218.6,41.3,False,False,False,False
X51006619342,888,1681,1.89,1.493,226.8,24.2,False,True,False,True
X51006619343,888,2185,2.46,1.94,227.2,22.9,False,True,False,True
X51006619496,888,2160,2.43,1.918,221.4,48.7,False,False,False,False
X51006619545,880,3123,3.55,2.748,236.5,19.7,False,True,False,True
X51006619550,888,2595,2.92,2.304,228.4,41.7,False,False,False,False
X51006619561,888,2904,3.27,2.579,242.6,32.7,False,True,False,True
X51006619563,888,1684,1.9,1.495,227.2,42.6,False,False,False,False
X51006619566,884,1679,1.9,1.484,230.8,32.2,False,True,False,True
X51006619694,812,2214,2.73,1.798,243.2,26.0,False,True,False,True
X51006619696,884,1677,1.9,1.482,234.3,26.8,False,True,False,True
X51006619697,932,2225,2.39,2.074,247.4,24.9,False,True,False,True
X51006619698,888,1939,2.18,1.722,231.9,29.5,False,True,False,True
X51006619709,884,2822,3.19,2.495,230.3,26.5,False,True,False,True
X51006619758,884,1688,1.91,1.492,231.3,29.8,False,True,False,True
X51006619765,888,2899,3.26,2.574,223.4,36.5,False,True,False,True
X51006619772,920,1864,2.03,1.715,243.1,32.9,False,True,False,True
X51006619777,884,1838,2.08,1.625,228.5,29.6,False,True,False,True
X51006619780,932,1659,1.78,1.546,247.1,27.0,False,True,False,True
X51006619783,928,2068,2.23,1.919,247.6,16.2,False,True,False,True
X51006619785,880,2900,3.3,2.552,231.1,24.9,False,True,False,True
X51006619854,888,1677,1.89,1.489,225.1,39.7,False,True,False,True
X51006619862,884,1833,2.07,1.62,235.8,20.2,False,True,False,True
X51006620161,884,2376,2.69,2.1,239.1,36.8,False,True,False,True
X51006620176,888,1813,2.04,1.61,228.0,27.0,False,True,False,True
X51006620181,936,1321,1.41,1.236,238.8,34.9,False,True,False,True
X51006620186,888,2603,2.93,2.311,224.3,38.0,False,True,False,True
X51006620187,932,1432,1.54,1.335,247.3,21.6,False,True,False,True
X51006620189,884,2620,2.96,2.316,227.2,38.7,False,True,False,True
X51006620190,888,2038,2.3,1.81,227.5,35.4,False,True,False,True
X51006620191,884,1979,2.24,1.749,242.5,35.5,False,True,False,True
X51006620414,932,2044,2.19,1.905,237.3,42.1,False,False,False,False
X51006647932,623,1079,1.73,0.672,245.9,32.0,False,True,False,True
X51006679216,623,1607,2.58,1.001,244.3,34.6,False,True,False,True
X51006679222,615,1347,2.19,0.828,246.1,32.0,False,True,False,True
X51006713996,731,1324,1.81,0.968,202.8,61.5,False,False,False,False
X51006714065,754,1279,1.7,0.964,212.2,52.1,False,False,False,False
X51006733494,932,1812,1.94,1.689,249.3,19.8,False,True,False,True
X51006828217,884,1840,2.08,1.627,231.2,41.5,False,False,False,False
X51006856981,816,2156,2.64,1.759,245.7,22.0,False,True,False,True
X51006857071,888,2016,2.27,1.79,240.3,39.9,False,True,False,True
X51006857265,884,2104,2.38,1.86,228.1,47.5,False,False,False,False
X51006857660,932,2143,2.3,1.997,232.4,50.6,False,False,False,False
X51006867435,532,1336,2.51,0.711,237.6,27.9,False,True,False,True
X51006867436,532,1502,2.82,0.799,227.1,28.4,False,True,False,True
X51006882603,436,1488,3.41,0.649,232.7,49.6,False,False,False,False
X51006912960,4854,6712,1.38,32.58,252.8,21.7,False,True,False,True
X51006912972,4961,7016,1.41,34.806,253.0,21.7,False,True,False,True
X51006912974,4961,7016,1.41,34.806,253.0,22.2,False,True,False,True
X51006913007,4961,7016,1.41,34.806,251.2,30.4,False,True,False,True
X51006913019,4961,7016,1.41,34.806,246.6,43.5,False,False,False,False
X51006913023,4961,7016,1.41,34.806,253.0,22.0,False,True,False,True
X51006913024,4961,7016,1.41,34.806,252.9,22.5,False,True,False,True
X51006913028,4961,7016,1.41,34.806,252.9,22.4,False,True,False,True
X51006913030,4961,7016,1.41,34.806,252.9,22.2,False,True,False,True
X51006913031,4961,7016,1.41,34.806,253.2,21.0,False,True,False,True
X51006913051,4961,7016,1.41,34.806,252.7,23.3,False,True,False,True
X51006913054,4846,6689,1.38,32.415,253.0,21.0,False,True,False,True
X51006913055,4961,7016,1.41,34.806,252.4,24.9,False,True,False,True
X51006913059,4961,7016,1.41,34.806,253.0,22.0,False,True,False,True
X51006913068,4961,7016,1.41,34.806,253.6,18.5,False,True,False,True
X51006913070,4961,7016,1.41,34.806,252.9,22.6,False,True,False,True
X51006913073,4961,7016,1.41,34.806,252.8,23.1,False,True,False,True
X51006913074,4961,7016,1.41,34.806,252.3,25.2,False,True,False,True
X51007103578,740,1698,2.29,1.257,237.0,43.7,False,False,False,False
X51007103599,792,1301,1.64,1.03,233.3,50.9,False,False,False,False
X51007103639,753,1445,1.92,1.088,231.5,53.4,False,False,False,False
X51007103641,787,1490,1.89,1.173,232.0,51.9,False,False,False,False
X51007103643,825,1568,1.9,1.294,219.6,79.2,False,False,False,False
X51007103675,741,1428,1.93,1.058,238.0,43.4,False,False,False,False
X51007103681,864,1213,1.4,1.048,232.5,53.7,False,False,False,False
X51007103688,842,1280,1.52,1.078,227.8,61.8,False,False,False,False
X51007103691,831,1695,2.04,1.409,233.6,54.8,False,False,False,False
X51007103692,775,1500,1.94,1.163,237.3,44.6,False,False,False,False
X51007103702,814,1374,1.69,1.118,214.1,85.0,False,False,False,False
X51007135037,735,1689,2.3,1.241,237.9,43.9,False,False,False,False
X51007135247,704,1404,1.99,0.988,230.1,57.1,False,False,False,False
X51007225398,624,1273,2.04,0.794,242.0,42.0,False,False,False,False
X51007225399,621,1526,2.46,0.948,241.8,40.5,False,False,False,False
X51007225417,622,1428,2.3,0.888,243.6,38.4,False,True,False,True
X51007225442,621,1280,2.06,0.795,240.1,31.6,False,True,False,True
X51007228448,616,1032,1.68,0.636,234.2,45.9,False,False,False,False
X51007231336,4961,7016,1.41,34.806,252.9,22.5,False,True,False,True
X51007231338,4961,7016,1.41,34.806,252.0,26.7,False,True,False,True
X51007231344,4961,7016,1.41,34.806,252.8,23.1,False,True,False,True
X51007231361,4945,6981,1.41,34.521,251.8,26.5,False,True,False,True
X51007231365,4961,7016,1.41,34.806,251.6,28.6,False,True,False,True
X51007231370,4961,7016,1.41,34.806,253.0,21.9,False,True,False,True
X51007231374,4961,7016,1.41,34.806,253.0,22.1,False,True,False,True
X51007262315,616,1614,2.62,0.994,237.8,45.8,False,False,False,False
X51007262328,620,1212,1.95,0.751,235.8,52.8,False,False,False,False
X51007262330,608,1040,1.71,0.632,223.1,53.4,False,False,False,False
X51007339094,623,1471,2.36,0.916,237.2,42.3,False,False,False,False
X51007339095,623,1515,2.43,0.944,234.8,52.2,False,False,False,False
X51007339097,619,1475,2.38,0.913,239.2,36.2,False,True,False,True
X51007339098,619,1475,2.38,0.913,238.0,40.5,False,False,False,False
X51007339100,619,1483,2.4,0.918,237.4,41.7,False,False,False,False
X51007339106,619,1583,2.56,0.98,236.7,43.2,False,False,False,False
X51007339107,619,1555,2.51,0.963,238.7,36.3,False,True,False,True
X51007339110,615,1407,2.29,0.865,234.9,51.4,False,False,False,False
X51007339111,623,1407,2.26,0.877,233.7,53.8,False,False,False,False
X51007339112,623,1467,2.35,0.914,237.9,39.8,False,True,False,True
X51007339113,623,1475,2.37,0.919,235.3,52.8,False,False,False,False
X51007339114,623,1519,2.44,0.946,232.4,54.5,False,False,False,False
X51007339115,623,1471,2.36,0.916,234.3,53.6,False,False,False,False
X51007339117,623,1591,2.55,0.991,231.4,52.5,False,False,False,False
X51007339118,623,1399,2.25,0.872,234.9,53.8,False,False,False,False
X51007339120,623,1555,2.5,0.969,234.1,53.2,False,False,False,False
X51007339126,623,1519,2.44,0.946,239.2,30.6,False,True,False,True
X51007339130,619,1475,2.38,0.913,234.5,53.8,False,False,False,False
X51007339131,623,1539,2.47,0.959,238.6,30.7,False,True,False,True
X51007339132,635,1323,2.08,0.84,233.3,52.7,False,False,False,False
X51007339133,623,1475,2.37,0.919,234.5,52.0,False,False,False,False
X51007339135,623,1471,2.36,0.916,234.3,53.7,False,False,False,False
X51007339136,623,1719,2.76,1.071,233.8,55.2,False,False,False,False
X51007339139,619,1407,2.27,0.871,239.1,34.0,False,True,False,True
X51007339146,619,1547,2.5,0.958,236.6,37.8,False,True,False,True
X51007339150,623,1475,2.37,0.919,233.4,52.7,False,False,False,False
X51007339151,615,1479,2.4,0.91,234.1,52.8,False,False,False,False
X51007339152,623,1479,2.37,0.921,233.9,52.1,False,False,False,False
X51007339156,619,1475,2.38,0.913,233.7,53.9,False,False,False,False
X51007339157,615,1475,2.4,0.907,234.4,51.6,False,False,False,False
X51007339158,619,1479,2.39,0.916,233.1,52.6,False,False,False,False
X51007339162,623,1511,2.43,0.941,234.0,55.2,False,False,False,False
X51007339164,627,1559,2.49,0.977,233.1,56.2,False,False,False,False
X51007339165,619,1607,2.6,0.995,232.2,54.8,False,False,False,False
X51007339166,623,1511,2.43,0.941,233.8,53.8,False,False,False,False
X51007339167,619,1511,2.44,0.935,233.7,53.1,False,False,False,False
X51007339639,591,1779,3.01,1.051,231.1,18.6,False,True,False,True
X51007339642,595,1771,2.98,1.054,222.5,27.9,False,True,False,True
X51007339643,591,1659,2.81,0.98,227.8,24.9,False,True,False,True
X51007339647,591,1783,3.02,1.054,229.0,25.6,False,True,False,True
X51007339648,591,1803,3.05,1.066,225.7,32.6,False,True,False,True
X51007339650,591,1759,2.98,1.04,226.5,32.0,False,True,False,True
X51007339651,587,1783,3.04,1.047,238.4,21.0,False,True,False,True
X51007339653,591,1395,2.36,0.824,224.8,29.3,False,True,False,True
X51007339656,591,1771,3.0,1.047,228.7,27.7,False,True,False,True
X51007339657,587,1815,3.09,1.065,239.4,20.6,False,True,False,True
X51007339658,587,1771,3.02,1.04,228.0,24.7,False,True,False,True
X51007391372,587,1779,3.03,1.044,203.5,10.3,False,True,False,True
X51007419197,612,984,1.61,0.602,240.8,35.0,False,True,False,True
X51007579726,627,1411,2.25,0.885,245.6,32.8,False,True,False,True
X51007843145,4961,7016,1.41,34.806,252.2,26.2,False,True,False,True
X51007846269,4961,7016,1.41,34.806,253.0,22.0,False,True,False,True
X51007846270,4961,7016,1.41,34.806,251.9,27.0,False,True,False,True
X51007846286,4961,7016,1.41,34.806,252.6,23.7,False,True,False,True
X51007846301,4961,7016,1.41,34.806,252.3,24.5,False,True,False,True
X51007846302,4961,7016,1.41,34.806,251.6,28.5,False,True,False,True
X51007846305,4961,7016,1.41,34.806,249.3,36.7,False,True,False,True
X51007846307,4961,7016,1.41,34.806,252.9,22.5,False,True,False,True
X51007846309,4961,7016,1.41,34.806,252.9,22.5,False,True,False,True
X51007846325,4961,7016,1.41,34.806,252.0,26.4,False,True,False,True
X51007846326,4961,7016,1.41,34.806,251.2,29.9,False,True,False,True
X51007846350,4961,7016,1.41,34.806,251.6,28.4,False,True,False,True
X51007846353,4961,7016,1.41,34.806,251.9,27.2,False,True,False,True
X51007846357,4961,7016,1.41,34.806,253.0,22.0,False,True,False,True
X51007846366,4961,7016,1.41,34.806,250.0,34.7,False,True,False,True
X51007846368,4961,7016,1.41,34.806,250.7,32.1,False,True,False,True
X51007846370,4961,7016,1.41,34.806,252.7,23.6,False,True,False,True
X51007846388,4961,7016,1.41,34.806,253.0,22.2,False,True,False,True
X51007846391,4961,7016,1.41,34.806,252.9,22.6,False,True,False,True
X51007846393,4961,7016,1.41,34.806,250.9,30.8,False,True,False,True
X51007846395,4961,7016,1.41,34.806,253.0,21.8,False,True,False,True
X51007846398,4961,7016,1.41,34.806,252.7,23.5,False,True,False,True
X51007846410,4961,7016,1.41,34.806,251.9,27.2,False,True,False,True
X51007846412,4961,7016,1.41,34.806,251.6,28.3,False,True,False,True
X51007846451,4961,7016,1.41,34.806,252.6,24.3,False,True,False,True
X51008030560,794,1354,1.71,1.075,245.3,24.0,False,True,False,True
X51008030565,791,1623,2.05,1.284,242.3,24.4,False,True,False,True
X51008030566,788,1609,2.04,1.268,244.7,24.0,False,True,False,True
X51008042777,789,1442,1.83,1.138,246.5,26.5,False,True,False,True
X51008042778,791,1512,1.91,1.196,248.3,19.8,False,True,False,True
X51008042782,794,1515,1.91,1.203,243.1,23.6,False,True,False,True
X51008042783,783,1583,2.02,1.239,245.8,21.8,False,True,False,True
X51008042791,792,1447,1.83,1.146,247.3,22.3,False,True,False,True
X51008042792,791,1453,1.84,1.149,246.5,22.5,False,True,False,True
X51008042793,791,1334,1.69,1.055,245.1,28.5,False,True,False,True
X51008063849,757,1204,1.59,0.911,240.3,44.4,False,False,False,False
X51008064061,825,2135,2.59,1.761,244.3,34.9,False,True,False,True
X51008099041,932,1654,1.77,1.542,243.8,34.2,False,True,False,True
X51008099043,928,1738,1.87,1.613,236.1,46.0,False,False,False,False
X51008099044,928,1828,1.97,1.696,242.8,32.3,False,True,False,True
X51008099046,932,1742,1.87,1.624,241.2,38.3,False,True,False,True
X51008099048,932,1974,2.12,1.84,239.5,38.0,False,True,False,True
X51008099049,932,2143,2.3,1.997,241.8,32.5,False,True,False,True
X51008099054,932,2113,2.27,1.969,243.6,34.2,False,True,False,True
X51008099071,932,1718,1.84,1.601,243.2,34.3,False,True,False,True
X51008099073,932,1795,1.93,1.673,242.5,35.9,False,True,False,True
X51008099081,932,1659,1.78,1.546,243.0,27.6,False,True,False,True
X51008099083,936,1829,1.95,1.712,242.4,29.5,False,True,False,True
X51008099084,932,1741,1.87,1.623,241.9,36.3,False,True,False,True
X51008099085,932,1740,1.87,1.622,243.9,35.5,False,True,False,True
X51008099087,932,1964,2.11,1.83,240.0,35.2,False,True,False,True
X51008099089,932,1826,1.96,1.702,239.4,37.6,False,True,False,True
X51008099102,932,2722,2.92,2.537,238.3,37.8,False,True,False,True
X51008114216,936,1663,1.78,1.557,228.5,35.1,False,True,False,True
X51008114217,936,2004,2.14,1.876,229.9,34.7,False,True,False,True
X51008114260,751,1324,1.76,0.994,221.4,26.8,False,True,False,True
X51008114262,748,1397,1.87,1.045,222.8,22.6,False,True,False,True
X51008114266,750,1471,1.96,1.103,216.1,30.3,False,True,False,True
X51008114281,884,1636,1.85,1.446,225.1,38.5,False,True,False,True
X51008114282,888,1741,1.96,1.546,225.0,39.6,False,True,False,True
X51008114283,936,1741,1.86,1.63,233.8,39.0,False,True,False,True
X51008114284,936,1665,1.78,1.558,228.8,34.5,False,True,False,True
X51008114321,936,1749,1.87,1.637,238.2,28.6,False,True,False,True
X51008122920,748,1444,1.93,1.08,241.4,52.7,False,False,False,False
X51008123446,532,1271,2.39,0.676,242.3,50.6,False,False,False,False
X51008123447,532,1305,2.45,0.694,242.2,51.2,False,False,False,False
X51008123450,537,1247,2.32,0.67,240.7,53.5,False,False,False,False
X51008123451,748,1271,1.7,0.951,242.0,50.3,False,False,False,False
X51008123476,532,1295,2.43,0.689,241.9,51.7,False,False,False,False
X51008123580,621,1331,2.14,0.827,241.7,28.7,False,True,False,True
X51008123586,622,1144,1.84,0.712,238.4,48.4,False,False,False,False
X51008123599,622,1310,2.11,0.815,240.2,45.8,False,False,False,False
X51008123604,622,1423,2.29,0.885,239.4,48.2,False,False,False,False
X51008128052,932,1786,1.92,1.665,242.9,35.8,False,True,False,True
X51008128062,928,1559,1.68,1.447,241.9,37.1,False,True,False,True
X51008128065,884,1613,1.82,1.426,221.9,47.7,False,False,False,False
X51008142005,791,1794,2.27,1.419,242.9,29.2,False,True,False,True
X51008142030,936,1992,2.13,1.865,241.6,35.8,False,True,False,True
X51008142031,932,2166,2.32,2.019,244.4,29.6,False,True,False,True
X51008142032,932,2167,2.33,2.02,244.7,27.7,False,True,False,True
X51008142033,936,1949,2.08,1.824,241.6,32.4,False,True,False,True
X51008142034,884,1854,2.1,1.639,230.7,34.5,False,True,False,True
X51008142038,892,1686,1.89,1.504,222.6,45.4,False,False,False,False
X51008142058,928,2110,2.27,1.958,241.4,36.1,False,True,False,True
X51008142059,932,2211,2.37,2.061,241.0,37.8,False,True,False,True
X51008142060,928,2143,2.31,1.989,240.6,37.7,False,True,False,True
X51008142061,932,2214,2.38,2.063,241.0,38.6,False,True,False,True
X51008142062,928,2213,2.38,2.054,241.7,36.4,False,True,False,True
X51008142063,928,2350,2.53,2.181,239.2,42.9,False,False,False,False
X51008142065,932,2354,2.53,2.194,238.3,41.4,False,False,False,False
X51008142068,928,2104,2.27,1.953,242.5,34.6,False,True,False,True
X51008145450,616,1304,2.12,0.803,246.2,30.9,False,True,False,True
X51008145504,616,1020,1.66,0.628,244.1,34.7,False,True,False,True
X51008145505,646,1267,1.96,0.818,230.3,63.0,False,False,False,False
X51008164420,936,2248,2.4,2.104,240.1,34.5,False,True,False,True
X51008164510,660,1243,1.88,0.82,226.9,54.4,False,False,False,False
X51008164524,924,1771,1.92,1.636,218.4,45.8,False,False,False,False
X51008164525,928,1662,1.79,1.542,225.9,52.6,False,False,False,False
X51008164969,795,1799,2.26,1.43,243.2,27.4,False,True,False,True
X51008164991,790,1634,2.07,1.291,243.5,26.6,False,True,False,True
X51008164992,791,1848,2.34,1.462,241.5,26.8,False,True,False,True
X51008164996,795,1784,2.24,1.418,246.0,25.2,False,True,False,True
X51008164997,795,1705,2.14,1.355,245.2,24.7,False,True,False,True
X51008164998,793,1636,2.06,1.297,245.9,26.4,False,True,False,True
X51008164999,791,1932,2.44,1.528,246.4,25.8,False,True,False,True
X51009453801,583,1303,2.23,0.76,251.4,14.5,False,True,False,True
X51009453804,619,875,1.41,0.542,246.4,30.5,False,True,False,True
